model,training_time_seconds,model_size_mb,avg_train_gpu_memory_usage_mb,inference_time_50th_ms,inference_time_99th_ms,accuracy,precision_fall,recall_fall,f1_fall,precision_non_fall,recall_non_fall,f1_non_fall,avg_gpu_memory_usage_mb
Informer,377.7000358104706,2.2656326293945312,25.51050529857673,1.5034675598144531,2.019941806793213,0.9801488833746899,0.9753694581280788,0.9850746268656716,0.9801980198019801,0.985,0.9752475247524752,0.9800995024875623,25.505577674278847
Linformer,378.0311801433563,2.7114334106445312,27.29370842357673,2.001523971557617,2.0270943641662598,0.9727047146401985,0.9567307692307693,0.9900497512437811,0.9731051344743277,0.9897435897435898,0.9554455445544554,0.9722921914357682,27.288780799278847
LongShortTermTransformer,570.8829412460327,0.9145278930664062,20.13550529857673,2.0036697387695312,9.007573127746582,0.9851116625310173,0.9850746268656716,0.9850746268656716,0.9850746268656716,0.9851485148514851,0.9851485148514851,0.9851485148514851,20.130577674278847
MultiScaleTransformer,733.8880982398987,4.769721984863281,35.84107170482673,3.9981603622436523,5.020022392272949,0.9851116625310173,0.975609756097561,0.9950248756218906,0.9852216748768473,0.9949494949494949,0.9752475247524752,0.985,35.83614408052885
Performer,465.7227168083191,3.4194412231445312,30.15747795482673,10.996222496032715,11.738240718841553,0.9751861042183623,1.0,0.9502487562189055,0.9744897959183674,0.9528301886792453,1.0,0.9758454106280194,30.152550330528847
TemporalConvolutionalTransformer,815.477637052536,2.4545974731445312,26.28589592357673,3.001570701599121,8.75180959701538,0.9751861042183623,0.9569377990430622,0.9950248756218906,0.975609756097561,0.9948453608247423,0.9554455445544554,0.9747474747474748,26.280968299278847
Transformer,388.3520975112915,4.918464660644531,36.12183342357673,2.000570297241211,2.017676830291748,0.9503722084367245,0.9502487562189055,0.9502487562189055,0.9502487562189055,0.9504950495049505,0.9504950495049505,0.9504950495049505,36.11690579927885
T2VBERT,388.70629382133484,4.951519012451172,36.26245842357673,2.984285354614258,3.0063390731811523,0.9305210918114144,0.8914027149321267,0.9800995024875622,0.933649289099526,0.978021978021978,0.8811881188118812,0.9270833333333333,36.25753079927885
