model,training_time_seconds,model_size_mb,cpu_usage_percent,ram_usage_mb,inference_time_50th_ms,inference_time_99th_ms,accuracy,precision_fall,recall_fall,f1_fall,precision_non_fall,recall_non_fall,f1_non_fall
Informer,235.66844964027405,2.2656326293945312,1.9000000000000004,9.7421875,1.972198486328125,2.025127410888672,0.9826302729528535,0.970873786407767,0.9950248756218906,0.9828009828009829,0.9949238578680203,0.9702970297029703,0.9824561403508772
Linformer,130.5121660232544,2.7114334106445312,3.5,0.25,1.9990205764770508,2.1535754203796387,0.9652605459057072,0.9389671361502347,0.9950248756218906,0.966183574879227,0.9947368421052631,0.9356435643564357,0.9642857142857142
LongShortTermTransformer,331.75259160995483,0.9145278930664062,-9.000000000000002,5.6640625,1.9997358322143555,9.730219841003418,0.9776674937965261,0.9848484848484849,0.9701492537313433,0.9774436090225564,0.9707317073170731,0.9851485148514851,0.9778869778869779
MultiScaleTransformer,309.3353998661041,4.769721984863281,-1.7,-70.09375,4.996776580810547,6.99615478515625,0.9900744416873449,1.0,0.9800995024875622,0.9899497487437185,0.9805825242718447,1.0,0.9901960784313726
Performer,92.92559432983398,3.4194412231445312,-0.19999999999999996,-0.03515625,10.993719100952148,13.742625713348389,0.9553349875930521,0.9255813953488372,0.9900497512437811,0.9567307692307693,0.9893617021276596,0.9207920792079208,0.9538461538461538
TemporalConvolutionalTransformer,161.60064339637756,2.4545974731445312,0.0,-16.7734375,2.998948097229004,10.98853349685669,0.9751861042183623,0.95260663507109,1.0,0.9757281553398058,1.0,0.9504950495049505,0.9746192893401014
Transformer,75.94264817237854,4.918464660644531,-0.5,-8.87109375,1.9992589950561523,2.999424934387207,0.9702233250620348,0.9748743718592965,0.9651741293532339,0.97,0.9656862745098039,0.9752475247524752,0.9704433497536946
T2VBERT,76.43883013725281,4.951519012451172,-5.0,-9.828125,2.997756004333496,3.998279571533203,0.8957816377171216,0.8326359832635983,0.9900497512437811,0.9045454545454545,0.9878048780487805,0.801980198019802,0.8852459016393442
