model,model_size_mb,cpu_usage_percent,ram_usage_mb,inference_time_50th_ms,inference_time_99th_ms,accuracy,precision_fall,recall_fall,f1_fall,precision_non_fall,recall_non_fall,f1_non_fall
Informer,2.271921157836914,-0.3000000000000007,342.2265625,1.9986629486083984,156.93378448486328,0.9900744416873449,0.9900497512437811,0.9900497512437811,0.9900497512437811,0.9900990099009901,0.9900990099009901,0.9900990099009901
Linformer,2.7192325592041016,-4.0,21.23046875,1.9981861114501953,22.484242916107178,0.967741935483871,0.9607843137254902,0.9751243781094527,0.9679012345679012,0.9748743718592965,0.9603960396039604,0.967581047381546
LongShortTermTransformer,0.9257106781005859,13.3,394.1953125,1.9990205764770508,172.3921298980713,0.9801488833746899,0.9948717948717949,0.9651741293532339,0.9797979797979798,0.9663461538461539,0.995049504950495,0.9804878048780488
MultiScaleTransformer,5.057709693908691,-2.4000000000000004,8.43359375,4.996657371520996,22.216200828552246,0.9776674937965261,1.0,0.9552238805970149,0.9770992366412213,0.957345971563981,1.0,0.9782082324455207
Performer,3.4936294555664062,1.4000000000000004,68.12109375,10.966062545776367,350.0494956970215,0.9702233250620348,1.0,0.9402985074626866,0.9692307692307692,0.9439252336448598,1.0,0.9711538461538461
TemporalConvolutionalTransformer,2.47200870513916,-0.5,641.3515625,2.972126007080078,30.973732471466064,0.9826302729528535,0.9663461538461539,1.0,0.9828850855745722,1.0,0.9653465346534653,0.982367758186398
Transformer,4.926877021789551,-0.8999999999999986,6.171875,1.9713640213012695,3.000497817993164,0.9354838709677419,0.8923766816143498,0.9900497512437811,0.9386792452830189,0.9888888888888889,0.8811881188118812,0.9319371727748692
